{
  "student_id": "16735347",
  "variant": 6,
  "total_matches": 300,
  "total_steps": 7220,
  "final_epsilon": 0.05,
  "win_counts": {
    "chef": 58,
    "sous_chef": 55,
    "waiter": 53,
    "dishwasher": 134
  },
  "chef_rate": 0.19333333333333333,
  "timestamp": "2026-03-02T10:10:04.313775"
}